Applicant Name,Email,Phone,Domain Applied,University,Application Date,Status
Brittany Wheeler,robertosanchez@example.com,66676241386,Data Science,Qau,2026-01-24,REJECTED
Johnny Jackson,nicholasrodriguez@example.com,86946977271,Cyber Security,Comsats Islamabad,2026-01-17,UNDER REVIEW
Nicolas Taylor,xwood@example.com,52192053969,Data Science,Fast Nuces,2026-02-12,UNDER REVIEW
Bill Griffin,steve20@example.org,21482873562,Web Development,Nust,2026-05-24,UNDER REVIEW
Mrs. Lisa Clark Dds,swalter@example.com,10576013659,Data Science,Mode,2026-02-03,REJECTED
Gabrielle Zavala,robertsjohn@example.com,61195871707,Web Development,Qau,2026-02-15,UNDER REVIEW
Carol Bishop Dvm,xjohnson@example.org,16298397258,Web Development,Air University,2026-06-26,UNDER REVIEW
Steven Ballard,danielcastro@example.net,63684793647,Mobile Development,Bahria University,2026-02-04,UNDER REVIEW
Sara Ray,thomas33@example.com,54043963088,Mobile Development,Nust,2026-03-02,UNDER REVIEW
Amy Pierce,osmith@example.org,28748409029,Data Science,Mode,2026-05-22,UNDER REVIEW
Larry Arellano,ritterlaura@example.net,65147307334,UI/UX Design,Uet Taxila,2026-06-10,UNDER REVIEW
Alexis Ross,yaguirre@example.org,6755595091,Cyber Security,Bahria University,2026-02-27,UNDER REVIEW
Dana Sheppard,justin75@example.com,10151187451,Mobile Development,Comsats Islamabad,2026-04-23,UNDER REVIEW
Leon Cole,robersonrichard@example.net,15481922590,Data Science,Air University,2026-06-16,UNDER REVIEW
Mitchell Cunningham,walkerjeffery@example.org,52401042022,Data Science,Uet Taxila,2026-07-08,UNDER REVIEW
Sharon Bailey,zmills@example.com,34449363313,Web Development,Comsats Islamabad,2026-01-23,REJECTED
Angela Cox,sharon04@example.net,82168833240,UI/UX Design,Punjab University,2026-06-07,UNDER REVIEW
Derrick Flores,lisahatfield@example.com,59083548354,Data Science,Qau,2026-07-11,UNDER REVIEW
Kathleen Ryan,megandougherty@example.net,82755270807,Cyber Security,Nust,2026-01-15,UNDER REVIEW
Jessica Hancock,gray@example.org,36373721586,Cyber Security,Comsats Islamabad,2026-06-21,UNDER REVIEW
John Lam,jeffrey55@example.org,31095193855,Web Development,Punjab University,2026-06-29,UNDER REVIEW
Samantha Payne,thomas99@example.org,5993383748,Cyber Security,Qau,2026-03-30,REJECTED
Heather Dickson,danielrobertson@example.org,47047538178,Mobile Development,Comsats Islamabad,2026-03-05,MODE
Melissa Smith,jennifer05@example.net,92226463209,Data Science,Uet Taxila,2026-06-20,UNDER REVIEW
Amy Dixon,owenheather@example.org,62732313641,Cyber Security,Uet Taxila,2026-01-30,UNDER REVIEW
Victoria Dodson,uedwards@example.org,87074459208,Web Development,Fast Nuces,2026-03-09,REJECTED
Nicole Lara,marshallchristine@example.net,93868717701,UI/UX Design,Air University,2026-01-25,UNDER REVIEW
Laura Carlson,marshjerry@example.org,37488664198,Data Science,Fast Nuces,2026-03-02,UNDER REVIEW
Brad Walker,gchoi@example.org,62014997002,UI/UX Design,Air University,2026-04-30,REJECTED
Christine Johnson,andreareed@example.net,83481795006,Cyber Security,Nust,2026-03-07,UNDER REVIEW
Olivia Barnes,john60@example.com,39130201992,UI/UX Design,Comsats Islamabad,2026-07-03,SELECTED
Heather Johnson,chasemcdonald@example.org,508387091,UI/UX Design,Nust,2026-02-16,REJECTED
Steven Bell,hernandezdanielle@example.org,58811104615,Mobile Development,Comsats Islamabad,2026-05-13,REJECTED
Susan Powell,sloansandra@example.net,50334993553,Data Science,Fast Nuces,2026-06-22,REJECTED
Anthony Evans,fgraham@example.net,58012669382,Cyber Security,Uet Taxila,2026-06-01,SELECTED
Tricia Beck,jonesmatthew@example.com,52388131970,Mobile Development,Nust,2026-01-21,REJECTED
Matthew Deleon,wesley67@example.org,8496917734,Cyber Security,Comsats Islamabad,2026-04-17,UNDER REVIEW
Andrew Perry,hyork@example.net,87693047856,Data Science,Comsats Islamabad,2026-05-24,REJECTED
Tara Hernandez,justin05@example.com,17518810956,Mobile Development,Mode,2026-06-19,REJECTED
Kimberly Reid,joshuaburke@example.org,72615439362,Mobile Development,Comsats Islamabad,2026-06-18,REJECTED
Alvin Terry,daniel40@example.org,5737229517,Data Science,Bahria University,2026-02-28,REJECTED
Julia Hill,lauranavarro@example.net,95701478380,UI/UX Design,Punjab University,2026-04-08,REJECTED
Michael Jenkins,qwilliams@example.net,14683293952,Web Development,Qau,2026-02-13,REJECTED
Christopher Long,peterparker@example.com,55000073087,Data Science,Mode,2026-05-22,UNDER REVIEW
Matthew Erickson,cguerrero@example.com,63501403874,Data Science,Nust,2026-01-30,UNDER REVIEW
Trevor Rogers,pricejessica@example.com,11916944515,Mobile Development,Nust,2026-02-24,UNDER REVIEW
Jamie Owen,smithtony@example.org,38057582017,Cyber Security,Fast Nuces,2026-07-04,SELECTED
Brandon Curtis,fpreston@example.org,52263080518,Cyber Security,Fast Nuces,2026-02-20,UNDER REVIEW
Faith Johnson,brenda43@example.org,65616265891,UI/UX Design,Uet Taxila,2026-07-09,UNDER REVIEW
Sean Cooper,hawkinsrebecca@example.com,69677169707,Mobile Development,Punjab University,2026-02-19,MODE
Karen Lowe,cochraneric@example.com,86788806436,Cyber Security,Uet Taxila,2026-07-08,SELECTED
Jonathan Rodriguez,acole@example.com,45590758956,Cyber Security,Uet Taxila,2026-04-20,MODE
Allen Mason,virginiastafford@example.com,28821941791,Mobile Development,Fast Nuces,2026-06-03,UNDER REVIEW
Crystal Evans,zflores@example.net,36075319921,Data Science,Nust,2026-06-06,REJECTED
Jennifer Rocha,dwayne03@example.net,46501368583,Web Development,Comsats Islamabad,2026-02-05,REJECTED
Travis Payne,stevencox@example.org,18001479061,Cyber Security,Fast Nuces,2026-05-26,SELECTED
James Adams,ramirezmary@example.org,10984756334,Web Development,Uet Taxila,2026-06-24,REJECTED
Marilyn Allen,jsexton@example.net,49995647594,Web Development,Nust,2026-05-15,REJECTED
Robert Santos,mcmillankelly@example.com,43243835554,UI/UX Design,Air University,2026-04-19,SELECTED
Mr. Justin Barker Md,kathleenwilson@example.net,45411701040,Mobile Development,Nust,2026-02-10,UNDER REVIEW
Aaron Cooper,angelica79@example.com,27657680853,Data Science,Uet Taxila,2026-01-21,UNDER REVIEW
Rodney Castro,anthony54@example.com,37344959859,Mobile Development,Nust,2026-05-11,MODE
Elizabeth Stuart,jacob09@example.net,72731719947,Web Development,Punjab University,2026-06-11,REJECTED
Megan Hill,joshuaroberson@example.com,95605988358,Data Science,Mode,2026-01-18,UNDER REVIEW
Joshua Kennedy,susansosa@example.com,76147758578,Mobile Development,Punjab University,2026-06-12,REJECTED
Aaron Gutierrez,juancox@example.net,86550422784,Web Development,Qau,2026-06-22,REJECTED
Jason Aguilar,gwhite@example.com,97343827836,Web Development,Uet Taxila,2026-02-16,UNDER REVIEW
Rhonda Goodman,williamwilliams@example.com,17455940862,Mobile Development,Bahria University,2026-04-08,REJECTED
Miguel Love,brianaboyd@example.com,47931474832,Web Development,Nust,2026-06-11,UNDER REVIEW
Shari Harrison,moodyheidi@example.net,19670159428,Mobile Development,Nust,2026-06-08,UNDER REVIEW
Kayla Johnson,dustin81@example.com,35036469538,Web Development,Uet Taxila,2026-01-21,UNDER REVIEW
Christopher Martinez,simonmiguel@example.net,12259918169,Mobile Development,Air University,2026-05-14,UNDER REVIEW
Sara Dawson Dvm,ryan07@example.com,13486531859,Mobile Development,Bahria University,2026-02-20,UNDER REVIEW
Taylor Meyer,agray@example.com,29797037034,Mobile Development,Fast Nuces,2026-05-09,SELECTED
Brandon Peterson,aporter@example.com,85364341474,Data Science,Nust,2026-05-18,REJECTED
Cassidy Whitney,bradleyjohnson@example.com,63477887471,Cyber Security,Qau,2026-06-08,UNDER REVIEW
Richard Humphrey,briggsronald@example.net,77495125192,Cyber Security,Punjab University,2026-07-08,REJECTED
David Livingston,lauraaguilar@example.org,33080547532,UI/UX Design,Mode,2026-03-14,SELECTED
Glenn Howard,jonesmichael@example.org,70411483131,Data Science,Comsats Islamabad,2026-03-08,REJECTED
Peter Mcdaniel,jeanne39@example.org,16354014089,Data Science,Comsats Islamabad,2026-05-08,UNDER REVIEW
Jennifer Mclaughlin,cameronandrea@example.org,57635694588,Web Development,Fast Nuces,2026-06-18,UNDER REVIEW
Elizabeth Anderson,brandywalters@example.com,64669617087,Cyber Security,Bahria University,2026-03-13,UNDER REVIEW
Wendy Holmes Dds,gary22@example.net,45104643734,Mobile Development,Comsats Islamabad,2026-04-09,REJECTED
Rebecca Martin,cathy01@example.com,64827259179,UI/UX Design,Air University,2026-05-26,REJECTED
Michael Reeves,stevenbrown@example.net,3322736930,Web Development,Bahria University,2026-03-17,REJECTED
Stacy Harris,thomassmith@example.net,31418176989,Web Development,Fast Nuces,2026-06-27,SELECTED
Johnny Hicks,brittanysolomon@example.com,53645108663,UI/UX Design,Fast Nuces,2026-06-26,REJECTED
Ms. Sylvia Moon,kirstenchandler@example.com,75779192000,Data Science,Bahria University,2026-03-30,UNDER REVIEW
Timothy Gutierrez,dbishop@example.net,82497940943,UI/UX Design,Nust,2026-06-07,UNDER REVIEW
Nina Werner,baldwinjavier@example.net,20580656567,Mobile Development,Punjab University,2026-07-09,UNDER REVIEW
Gail Smith,robertsonmarvin@example.net,75830042484,UI/UX Design,Nust,2026-01-16,UNDER REVIEW
Christina Dunn,hernandezedward@example.com,89321703832,Data Science,Comsats Islamabad,2026-05-06,REJECTED
Desiree Vasquez,taylormatthew@example.net,92505423306,Web Development,Fast Nuces,2026-07-03,UNDER REVIEW
Jason Garcia,dsnyder@example.org,2673137544,Web Development,Qau,2026-02-12,REJECTED
Megan Gomez,allison19@example.com,36559018805,Data Science,Punjab University,2026-05-17,REJECTED
Ryan Molina,darius85@example.com,95818790484,Cyber Security,Fast Nuces,2026-03-24,REJECTED
Mary Smith,jeffrey05@example.net,89524648380,Mobile Development,Fast Nuces,2026-02-07,SELECTED
Jean Walters,rebecca43@example.org,40377076099,Data Science,Punjab University,2026-05-29,SELECTED
Nancy Bailey,bperry@example.com,30908229579,Mobile Development,Fast Nuces,2026-02-22,REJECTED
Adam Herrera,curtis19@example.org,29507810481,Cyber Security,Qau,2026-03-17,UNDER REVIEW
Mary Powell,bsmith@example.net,21803664118,Data Science,Nust,2026-04-18,REJECTED
Angela Burns,alexis22@example.org,3162518729,Mobile Development,Uet Taxila,2026-06-27,SELECTED
Beth Mccormick,christinameyer@example.org,86044405913,Mobile Development,Nust,2026-01-26,UNDER REVIEW
Mr. Curtis Pena Md,thomasstewart@example.org,1463340637,Cyber Security,Punjab University,2026-06-04,UNDER REVIEW
Kelly Lewis,fernandeznicole@example.org,14723204428,Cyber Security,Qau,2026-03-29,REJECTED
Nicole Washington,robert11@example.com,73737680255,Web Development,Fast Nuces,2026-06-09,UNDER REVIEW
Michele Bush,stewartann@example.org,67361718351,Data Science,Air University,2026-05-17,SELECTED
Stacy Mitchell,xwheeler@example.com,95475735013,UI/UX Design,Mode,2026-06-08,SELECTED
Alexander Fox,hmolina@example.net,64234261770,Data Science,Punjab University,2026-05-10,REJECTED
Andrew Nunez,cscott@example.org,5377453613,Cyber Security,Bahria University,2026-06-08,SELECTED
Ariana Brown,joyhale@example.org,72266125216,UI/UX Design,Air University,2026-05-31,UNDER REVIEW
Jessica Reese,bradcruz@example.net,60254581683,Web Development,Fast Nuces,2026-06-15,UNDER REVIEW
Teresa Shepherd,ztate@example.com,7897148921,Web Development,Qau,2026-02-28,REJECTED
Benjamin Griffith,martinezscott@example.net,1361326310,Mobile Development,Qau,2026-06-17,SELECTED
Linda Pruitt,mariahwagner@example.org,91650540635,Cyber Security,Bahria University,2026-06-17,UNDER REVIEW
Casey Huff,parkertonya@example.com,66796880378,Web Development,Punjab University,2026-05-04,SELECTED
Ryan Ramsey,pricedaniel@example.com,90240606640,Mobile Development,Fast Nuces,2026-04-04,SELECTED
Amanda Paul,michelle92@example.org,41312979925,Web Development,Fast Nuces,2026-06-23,UNDER REVIEW
Danielle Mcgee,wjohnson@example.com,77962363436,UI/UX Design,Bahria University,2026-01-27,UNDER REVIEW
Michael Patton,ramirezmelissa@example.org,20232907405,Data Science,Comsats Islamabad,2026-05-18,SELECTED
Laura Hess,donaldsonjeffrey@example.net,39624417366,Cyber Security,Fast Nuces,2026-02-16,REJECTED
Nathan Rogers,amythompson@example.net,41630405197,Cyber Security,Punjab University,2026-03-29,REJECTED
Patrick Avila,thompsonlisa@example.org,99447889904,Data Science,Bahria University,2026-02-17,UNDER REVIEW
Laurie Hartman,qtorres@example.net,46677596383,Mobile Development,Bahria University,2026-03-06,UNDER REVIEW
Michael Fox,ryanjohn@example.org,97305811061,UI/UX Design,Bahria University,2026-03-29,SELECTED
Darrell Cross,ashleymyers@example.org,48638513702,UI/UX Design,Qau,2026-05-16,REJECTED
Dominique Roy,zlarson@example.org,59241481429,Mobile Development,Qau,2026-03-25,REJECTED
Jasmin Preston,hunteric@example.org,58657138984,Mobile Development,Bahria University,2026-02-10,REJECTED
Charles Woods,lindarobbins@example.org,12557309565,Data Science,Nust,2026-03-18,SELECTED
Mr. David Russo,conwaykara@example.org,18522161230,Web Development,Nust,2026-04-12,UNDER REVIEW
Lindsey Evans,vthompson@example.com,79798000862,UI/UX Design,Uet Taxila,2026-03-02,SELECTED
Jonathan Lee,cchurch@example.com,30662975094,Cyber Security,Qau,2026-03-20,SELECTED
Miranda Richards,julia46@example.org,39098398315,Data Science,Mode,2026-07-07,SELECTED
Mr. Mario Nguyen,james02@example.net,95246342010,Data Science,Punjab University,2026-03-15,REJECTED
Kyle Wilson,jennifer95@example.org,50816148774,Data Science,Fast Nuces,2026-06-04,REJECTED
Michelle Cole,ericksonlauren@example.net,42042061383,UI/UX Design,Punjab University,2026-04-04,SELECTED
Elizabeth Russell,jasonjohnson@example.net,88577275708,Mobile Development,Comsats Islamabad,2026-02-22,UNDER REVIEW
John Bradley,michaelhartman@example.net,66756897662,Cyber Security,Air University,2026-05-03,UNDER REVIEW
Hayley York,kristy50@example.com,16403060817,Web Development,Air University,2026-04-12,UNDER REVIEW
Maria Cooper,bryankennedy@example.net,53910047562,Data Science,Nust,2026-02-24,UNDER REVIEW
Ricardo Beck,zjones@example.net,36103621684,UI/UX Design,Fast Nuces,2026-03-10,UNDER REVIEW
Shawn Walker,joshuaherman@example.org,74155937360,UI/UX Design,Qau,2026-01-31,UNDER REVIEW
Alexis Arias,mcintyrejennifer@example.org,23343972772,Cyber Security,Punjab University,2026-07-11,UNDER REVIEW
Jill George,escobarandrew@example.com,61743495144,Mobile Development,Nust,2026-05-08,SELECTED
William Holmes,michellehall@example.com,6996589657,UI/UX Design,Uet Taxila,2026-05-15,UNDER REVIEW
Rebecca Franklin,mmiller@example.net,2923275553,Web Development,Air University,2026-07-08,REJECTED
William Nicholson,dhernandez@example.org,36104880189,Web Development,Bahria University,2026-04-20,UNDER REVIEW
Joseph Jacobson,monica34@example.net,27728232070,Mobile Development,Bahria University,2026-04-03,UNDER REVIEW
Todd Reynolds,robertwilliamson@example.org,78793063596,Web Development,Fast Nuces,2026-05-15,SELECTED
Matthew Hicks,zsmith@example.net,5414895338,Mobile Development,Comsats Islamabad,2026-02-03,SELECTED
Thomas Carter,john32@example.net,20393181729,Cyber Security,Punjab University,2026-02-16,UNDER REVIEW
Ashley Hicks Md,rallen@example.net,37502149855,UI/UX Design,Bahria University,2026-05-21,SELECTED
Tammy Jones,campbellwilliam@example.com,72203448701,Web Development,Uet Taxila,2026-07-07,UNDER REVIEW
Katrina Ayala,marshallronald@example.net,34239184655,Cyber Security,Uet Taxila,2026-02-22,REJECTED
Samantha Hurley,reginald92@example.net,81102694017,Cyber Security,Fast Nuces,2026-04-18,SELECTED
William Brown,andrew39@example.org,19694423261,Data Science,Punjab University,2026-06-06,UNDER REVIEW
Patrick Oneill,zyoung@example.org,4593768141,Data Science,Fast Nuces,2026-07-11,SELECTED
Stephen Murphy,samuel64@example.org,17203321473,Web Development,Punjab University,2026-04-07,UNDER REVIEW
William Davis,vanderson@example.org,97870777418,Web Development,Air University,2026-03-15,REJECTED
James Black,melodymiller@example.net,57302831868,Data Science,Uet Taxila,2026-05-31,SELECTED
Jon Weaver,leondaniel@example.net,70502897468,Web Development,Nust,2026-04-17,UNDER REVIEW
Andrea Carter,guzmankrystal@example.com,82289226656,Cyber Security,Qau,2026-02-18,SELECTED
Susan Moore,garciaann@example.org,46424092875,Web Development,Punjab University,2026-07-13,UNDER REVIEW
Kimberly Chen,kimberly06@example.net,77692391382,Cyber Security,Nust,2026-03-07,UNDER REVIEW
Kristi Evans,gclark@example.com,41990104134,UI/UX Design,Uet Taxila,2026-01-14,UNDER REVIEW
Mrs. Susan Michael,bruceallen@example.net,63760572392,Mobile Development,Uet Taxila,2026-04-14,SELECTED
Joshua Kennedy,omar12@example.net,24022912710,Data Science,Punjab University,2026-02-01,SELECTED
Mark Coffey,qmitchell@example.net,64084351186,Web Development,Qau,2026-03-10,REJECTED
Darius Clarke,williamsmaria@example.com,21606072884,Mobile Development,Punjab University,2026-02-20,REJECTED
Anthony Mcgrath,julia77@example.net,35013651242,Cyber Security,Bahria University,2026-05-26,UNDER REVIEW
Patricia White,johnlittle@example.net,3476706947,Cyber Security,Nust,2026-05-11,UNDER REVIEW
Jennifer Smith,jonesderek@example.org,71229661540,Web Development,Air University,2026-03-25,REJECTED
Wesley Ross,nielsenbrittany@example.net,66345120358,Web Development,Uet Taxila,2026-07-08,REJECTED
Nicole Becker,griffinabigail@example.org,45554796836,Data Science,Uet Taxila,2026-03-27,UNDER REVIEW
Joyce Ryan,xcarter@example.com,45719641549,UI/UX Design,Punjab University,2026-05-12,SELECTED
Luis Brown,christopher97@example.org,77296396084,Mobile Development,Punjab University,2026-05-28,SELECTED
Eric Andrews,wnavarro@example.net,61744526324,Data Science,Comsats Islamabad,2026-05-14,SELECTED
Carolyn Jimenez,christinabrown@example.net,48065588293,Web Development,Comsats Islamabad,2026-02-28,REJECTED
Sarah Yang,ericaobrien@example.net,34300963532,Mobile Development,Bahria University,2026-05-22,UNDER REVIEW
Jessica Dixon,fmendez@example.net,25663447337,Data Science,Uet Taxila,2026-05-09,SELECTED
Connor Warren,jamie41@example.com,31355108858,Cyber Security,Uet Taxila,2026-05-13,REJECTED
Yvonne Marshall,christopherrichardson@example.com,23495370025,Data Science,Comsats Islamabad,2026-03-26,UNDER REVIEW
Jennifer Henry,andradejason@example.net,82341412618,Mobile Development,Punjab University,2026-03-15,UNDER REVIEW
Andrea Brown,toddpierce@example.net,79928828688,Web Development,Fast Nuces,2026-01-28,UNDER REVIEW
Michael Barnes,ebrewer@example.net,36458044295,Data Science,Comsats Islamabad,2026-05-13,SELECTED
Jeffrey Meyers,lfarmer@example.com,46820709705,Data Science,Nust,2026-02-20,UNDER REVIEW
Stacy Mitchell,xwheeler@example.com,95475735013,UI/UX Design,Mode,2026-06-08,SELECTED
Casey Huff,parkertonya@example.com,66796880378,Web Development,Punjab University,2026-05-04,SELECTED
